education,flights_booked,std_flights_booked
Bachelor,4.1109233631218,5.221228149316352
College,4.169743790338353,5.246040210103925
Doctor,4.175511815464441,5.256971345625168
High School or Below,4.178444762056006,5.240178807919453
Master,4.200699926751851,5.213956167899183
